{"cameraMode":{"drawMode":0,"name":"Shaded","section":"Shading Mode"},"sceneLighting":true,"audioPlay":false,"sceneViewState":{"showFog":true,"showMaterialUpdate":false,"showSkybox":true,"showFlares":true,"showImageEffects":true,"showParticleSystems":true},"in2DMode":false,"pivot":{"x":4.91761589050293,"y":12.853957176208496,"z":-28.350570678710939},"rotation":{"x":0.02937580831348896,"y":-0.36050456762313845,"z":0.011360076256096363,"w":0.9322255849838257},"size":2.1434128284454347,"orthographic":false}